{"lstm_1_units": 150, "dropout_1": 0.2729282026256168, "lstm_2_units": 25, "dropout_2": 0.20306378675058015, "lstm_3_units": 20, "dropout_3": 0.28760278835288056, "learning_rate": 0.0015383235144805902}