{"lstm_1_units": 100, "lstm_2_units": 25, "dropout_2": 0.17859575787745124, "learning_rate": 0.005922323176958192}