{"lstm_1_units": 50, "dropout_1": 0.08049014929040685, "lstm_2_units": 25, "dropout_2": 0.07817252369093608, "lstm_3_units": 10, "dropout_3": 0.0826385373922219, "learning_rate": 0.011562837549774168}