{"lstm_1_units": 75, "dropout_1": 0.2929098833104866, "lstm_2_units": 75, "dropout_2": 0.2705908759668929, "lstm_3_units": 10, "dropout_3": 0.2021283500376045, "learning_rate": 0.00037679198507080863}