{"lstm_1_units": 75, "lstm_2_units": 75, "dropout_2": 0.11242138969764495, "learning_rate": 0.006492761549929466}