{"lstm_1_units": 150, "dropout_1": 0.21006420051375377, "lstm_2_units": 25, "dropout_2": 0.21879411748412536, "lstm_3_units": 10, "dropout_3": 0.24245975169405448, "learning_rate": 0.00012758943369110479}