{"lstm_1_units": 125, "lstm_2_units": 75, "dropout_2": 0.49948267047928896, "learning_rate": 0.0030582585509832806}