{"lstm_1_units": 100, "dropout_1": 0.2704755608651569, "lstm_2_units": 75, "dropout_2": 0.26732591327472655, "lstm_3_units": 10, "dropout_3": 0.28536717781024196, "learning_rate": 0.003998242846699164}