{"lstm_1_units": 150, "lstm_2_units": 50, "dropout_2": 0.16748156130678937, "learning_rate": 0.002589720393611617}