{"lstm_1_units": 125, "dropout_1": 0.282444554863446, "lstm_2_units": 50, "dropout_2": 0.4661406974263502, "lstm_3_units": 20, "dropout_3": 0.2393887959713264, "learning_rate": 0.00020182582526346408}