{"lstm_1_units": 150, "dropout_1": 0.1863170567371952, "lstm_2_units": 25, "dropout_2": 0.18291117181017508, "lstm_3_units": 10, "dropout_3": 0.1659634803735311, "learning_rate": 0.0038281905217776068}